Chromosome,Position,ACC URL
1,31349647,Het,http://www.ncbi.nlm.nih.gov/clinvar/RCV000013593.16
1,40539203,Het,http://www.ncbi.nlm.nih.gov/clinvar/RCV000049552.1
1,70904800,Het,http://www.ncbi.nlm.nih.gov/clinvar/RCV000003075.1
1,115231254,Het,http://www.ncbi.nlm.nih.gov/clinvar/RCV000077975.1
1,115236057,Het,http://www.ncbi.nlm.nih.gov/clinvar/RCV000019933.27
1,115236057,Het,http://www.ncbi.nlm.nih.gov/clinvar/RCV000077971.1
1,161599643,Het,http://www.ncbi.nlm.nih.gov/clinvar/RCV000030607.1
1,161599693,Het,http://www.ncbi.nlm.nih.gov/clinvar/RCV000030607.1
1,161599779,Het,http://www.ncbi.nlm.nih.gov/clinvar/RCV000030607.1
1,171076966,Het,http://www.ncbi.nlm.nih.gov/clinvar/RCV000020653.1
1,231408091,Het,http://www.ncbi.nlm.nih.gov/clinvar/RCV000029140.1
2,63131731,Het,http://www.ncbi.nlm.nih.gov/clinvar/RCV000001429.1
2,202074098,Het,http://www.ncbi.nlm.nih.gov/clinvar/RCV000020930.1
2,241817516,Het,http://www.ncbi.nlm.nih.gov/clinvar/RCV000032682.1
3,15686534,Het,http://www.ncbi.nlm.nih.gov/clinvar/RCV000021985.1
3,122003757,Het,http://www.ncbi.nlm.nih.gov/clinvar/RCV000008854.1
3,165491280,Het,http://www.ncbi.nlm.nih.gov/clinvar/RCV000014122.16
4,187113041,Het,http://www.ncbi.nlm.nih.gov/clinvar/RCV000032544.2
4,187158034,Hom,http://www.ncbi.nlm.nih.gov/clinvar/RCV000012817.23
5,33951693,Het,http://www.ncbi.nlm.nih.gov/clinvar/RCV000004763.1
5,35861068,Het,http://www.ncbi.nlm.nih.gov/clinvar/RCV000015964.24
5,35871190,Het,http://www.ncbi.nlm.nih.gov/clinvar/RCV000015965.24
5,176520243,Het,http://www.ncbi.nlm.nih.gov/clinvar/RCV000017723.26
7,99382096,Hom,http://www.ncbi.nlm.nih.gov/clinvar/RCV000018418.23
7,117149147,Het,http://www.ncbi.nlm.nih.gov/clinvar/RCV000119039.1
7,150696111,Hom,http://www.ncbi.nlm.nih.gov/clinvar/RCV000015056.24
9,120475302,Het,http://www.ncbi.nlm.nih.gov/clinvar/RCV000007040.1
9,120475602,Het,http://www.ncbi.nlm.nih.gov/clinvar/RCV000007043.1
9,136301982,Het,http://www.ncbi.nlm.nih.gov/clinvar/RCV000006169.1
10,54531242,Het,http://www.ncbi.nlm.nih.gov/clinvar/RCV000015426.24
10,70645376,Het,http://www.ncbi.nlm.nih.gov/clinvar/RCV000001790.1
10,112839579,Hom,http://www.ncbi.nlm.nih.gov/clinvar/RCV000019791.25
10,115804036,Het,http://www.ncbi.nlm.nih.gov/clinvar/RCV000019323.26
10,135348544,Hom,http://www.ncbi.nlm.nih.gov/clinvar/RCV000018384.26
11,68846399,Het,http://www.ncbi.nlm.nih.gov/clinvar/RCV000000763.1
11,68855363,Het,http://www.ncbi.nlm.nih.gov/clinvar/RCV000000764.1
11,102670495,Hom,http://www.ncbi.nlm.nih.gov/clinvar/RCV000018649.27
11,102670495,Hom,http://www.ncbi.nlm.nih.gov/clinvar/RCV000018651.23
11,113270828,Het,http://www.ncbi.nlm.nih.gov/clinvar/RCV000002186.1
16,56548501,Het,http://www.ncbi.nlm.nih.gov/clinvar/RCV000004838.1
17,12915009,Het,http://www.ncbi.nlm.nih.gov/clinvar/RCV000005358.1
17,32579788,Hom,http://www.ncbi.nlm.nih.gov/clinvar/RCV000015273.20
19,36343206,Het,http://www.ncbi.nlm.nih.gov/clinvar/RCV000049829.1
19,41354533,Het,http://www.ncbi.nlm.nih.gov/clinvar/RCV000018482.26
19,41354533,Het,http://www.ncbi.nlm.nih.gov/clinvar/RCV000018483.26
19,41354533,Het,http://www.ncbi.nlm.nih.gov/clinvar/RCV000018484.26
19,41354533,Het,http://www.ncbi.nlm.nih.gov/clinvar/RCV000018485.26
19,41512841,Het,http://www.ncbi.nlm.nih.gov/clinvar/RCV000022520.23
19,41515263,Het,http://www.ncbi.nlm.nih.gov/clinvar/RCV000106294.1
19,49206674,Het,http://www.ncbi.nlm.nih.gov/clinvar/RCV000013809.22
20,3193842,Het,http://www.ncbi.nlm.nih.gov/clinvar/RCV000015867.24
20,3193893,Het,http://www.ncbi.nlm.nih.gov/clinvar/RCV000015868.24
20,4680251,Het,http://www.ncbi.nlm.nih.gov/clinvar/RCV000014336.22
20,4680251,Het,http://www.ncbi.nlm.nih.gov/clinvar/RCV000014337.23
20,23618427,Het,http://www.ncbi.nlm.nih.gov/clinvar/RCV000005989.1
22,51064039,Het,http://www.ncbi.nlm.nih.gov/clinvar/RCV000020311.1
